无锡市派迩鸟服饰有限公司, 江苏 江阴市 顾山镇红豆路35号,https://shop4lb3357596v40.1688.com/page/contactinfo.htm,电话：,86 0510 86328338,移动电话：,13915215117,地址：,中国 江苏 江阴市 顾山镇红豆路35号,公司主页：,https://shop4lb3357596v40.1688.com
佛山市南海盐步古姿内衣厂, 广东 佛山市南海区 盐步新市场西门路6-16号二楼厂房,https://shop1395248150313.1688.com/page/contactinfo.htm,移动电话：,17722725990,传真：,86,地址：,中国 广东 佛山市南海区 盐步市场西路十六号,邮编：,528247,旺铺主页：,https://shop1395248150313.1688.com
义乌市美动力内衣有限公司, 浙江 义乌市 国际商贸城四区84号门4楼19街48710,https://meidonglineiyi.1688.com/page/contactinfo.htm,电话：,86 0579 85413051,移动电话：,18969356651,传真：,86 0579 81548710,地址：,中国 浙江 义乌市 义乌福田3期4楼48710,邮编：,322000,企业官网：,http://www.meidongli.com.cn,公司主页：,https://meidonglineiyi.1688.com
汕头市潮阳区谷饶玉柔丽针织内衣厂, 广东 汕头市潮阳区 谷饶镇东明村,https://shop213n1nl7m4497.1688.com?tracelog=p4p/page/contactinfo.htm
温州贴心暖心服饰有限公司, 浙江 温州市 苍南县宜山东河路129号,https://shop1459443977551.1688.com?tracelog=p4p/page/contactinfo.htm
广州管爱内衣有限公司, 广东 广州市越秀区 广园西路121号美博城B座4-13A,https://guangai2014.1688.com?tracelog=p4p/page/contactinfo.htm
深圳市卡芝兰黛内衣有限公司, 广东 汕头市潮南区 陈围工业区,https://shop1492102705496.1688.com/page/contactinfo.htm,电话：,86 0754 84422975,移动电话：,15816626628,传真：,86,地址：,中国 广东 汕头市潮南区 陈围工业区,邮编：,515152,公司主页：,https://shop1492102705496.1688.com
深圳市龙华区艾里夫内衣批发商行, 广东 深圳市宝安区 民治东边老村17栋305,https://shop1492707389488.1688.com/page/contactinfo.htm,电话：,86 0755 12345678,移动电话：,15919769758,传真：,86,地址：,中国 广东 深圳市宝安区 民治东边老村17栋305房,邮编：,518131,旺铺主页：,https://shop1492707389488.1688.com
东莞市三胜内衣有限公司, 广东 东莞市 虎门镇运河北路港贸中心309,https://sanshengny.1688.com/page/contactinfo.htm,电话：,86 0769 85228858,移动电话：,13416751635,传真：,86 0769 85129183,地址：,中国 广东 东莞市 虎门镇威远南北大道瑞信产业园5栋5楼,邮编：,523900,公司主页：,https://sanshengny.1688.com
深圳市坪山区琪轩贝贝内衣厂, 广东 广州市荔湾区 巨邦工业园区1栋3楼,https://qixuanbaby.1688.com/page/contactinfo.htm,电话：,86 0752 5553108,移动电话：,13265698380,传真：,86,地址：,中国 广东 深圳市龙岗区 坪山巨邦工业园区1栋3楼,旺铺主页：,https://qixuanbaby.1688.com
汕头市潮南区陈店紫梦诗内衣商行, 广东 汕头市 潮南区陈店镇,https://zimengshibra.1688.com/page/contactinfo.htm,电话：,86 0754 89978167,移动电话：,13790846608,传真：,86,地址：,中国 广东 汕头市 潮南区陈店镇,邮编：,515152,旺铺主页：,https://zimengshibra.1688.com
深圳市宝安区松岗忆雅颂内衣厂, 广东 广州市白云区 桂花岗,https://shop1466442490958.1688.com/page/contactinfo.htm,电话：,86 0755 13416157810,传真：,86,地址：,中国 广东 广州市白云区 桂花岗,旺铺主页：,https://shop1466442490958.1688.com
灌云县伊山镇乌托邦内衣加工厂, 江苏 灌云县 振兴北路清和园西工业园内,https://shop1451580478268.1688.com/page/contactinfo.htm,电话：,86 0518 4009903522,移动电话：,13961336135,传真：,86,地址：,中国 江苏 灌云县 振兴北路清和园西工业园内,邮编：,222200,旺铺主页：,https://shop1451580478268.1688.com
济南市天桥区天天内衣商行, 山东 济南市天桥区 标山路之江美博城1楼D区28-29号天天内衣,https://ttnysh.1688.com/page/contactinfo.htm,电话：,86 0531 55815166,移动电话：,15621861002,传真：,86,地址：,中国 山东 济南市天桥区 标山路之江美博城1楼D区28-29号天天内衣,旺铺主页：,https://ttnysh.1688.com
青岛贵妃丹蒂佳服饰有限公司, 山东 青岛市李沧区 青岛李沧区,https://shop1458233208347.1688.com/page/contactinfo.htm,移动电话：,15620123239,传真：,86,地址：,中国 山东 青岛市李沧区 青岛李沧区,公司主页：,https://shop1458233208347.1688.com
汕头市潮南区陈店维慕舒内衣商行, 广东 汕头市潮南区 陈店镇洋内兴洋西一路二街,https://shop1488992294723.1688.com/page/contactinfo.htm,电话：,86 0754 84499246,移动电话：,13642217281,传真：,86,地址：,中国 广东 汕头市潮南区 陈店镇洋内兴洋西一路二街,邮编：,515152,旺铺主页：,https://shop1488992294723.1688.com
义乌市曼紫美服饰厂, 浙江 义乌市 廿三里工业区,https://ywmzm.1688.com/page/contactinfo.htm,移动电话：,15857930983,传真：,86,地址：,中国 浙江 义乌市 福田四区,旺铺主页：,https://ywmzm.1688.com
义乌港秀内衣有限公司, 广东 佛山市南海区 盐步永清路169号,https://xzr668.1688.com/page/contactinfo.htm,电话：,86 0757 85855896,传真：,86 0757 85855896,地址：,中国 广东 佛山市南海区 大沥镇盐步永青路169号,邮编：,528231,公司主页：,https://xzr668.1688.com
佛山市南海区纤莉内衣有限公司, 广东 佛山市南海区 大沥盐步永青路自编亭前16号,https://shop1436893643475.1688.com/page/contactinfo.htm,电话：,86 0757 85855896,传真：,86 0757 85855896,地址：,中国 广东 佛山市南海区 大沥盐步永青路自编亭前16号,公司主页：,https://shop1436893643475.1688.com
浦江县舒彩妮服装厂, 浙江 浦江县 严店上田村23号,https://shop1419266664228.1688.com/page/contactinfo.htm,电话：,86 0579 81568585,移动电话：,18066208585,传真：,86 0579 81568585,地址：,中国 浙江 义乌市 后宅工业园区,邮编：,322000,旺铺主页：,https://shop1419266664228.1688.com
南宁市雨润服饰有限公司, 广东 汕头市潮南区 陈店镇,https://yurunfushi.1688.com/page/contactinfo.htm,电话：,86 0771 18778992068,移动电话：,18778992068,传真：,86,地址：,中国 广东 汕头市潮南区 陈店镇,公司主页：,https://yurunfushi.1688.com
义乌市哆迷妮内衣商行, 浙江 义乌市 国际商贸城三期四区80号5楼20街51420-51421,https://ymrfs8.1688.com/page/contactinfo.htm,电话：,86 0579 81548863,移动电话：,13750955960,传真：,86 0579 85413367,地址：,中国 浙江 义乌市 国际商贸城四区五楼80号门20街51421-51420-51413店面,邮编：,322000,旺铺主页：,https://ymrfs8.1688.com
深圳市坪山区娜秀美内衣商行, 广东 汕头市潮南区 陈店镇,https://lashowme8899.1688.com/page/contactinfo.htm,传真：,86,地址：,中国 广东 汕头市潮南区 陈店镇,旺铺主页：,https://lashowme8899.1688.com
东莞兆盛服饰有限公司, 广东 东莞市 虎门镇 龙眼十路 虎门时尚产业园B栋2楼,https://gber88.1688.com/page/contactinfo.htm,移动电话：,15322812615,传真：,86,地址：,中国 广东 东莞市 虎门镇龙眼工业区十路时尚产业园5栋歌贝儿,邮编：,523920,公司主页：,https://gber88.1688.com
商丘市睢阳区昊朋内衣厂, 河南 商丘市睢阳区 小宋庄,https://haopeng.1688.com/page/contactinfo.htm,移动电话：,15537042179,传真：,86,地址：,中国 河南 商丘市睢阳区 昊朋内衣厂,旺铺主页：,https://haopeng.1688.com
汕头市潮阳区铜盂绯兰蜜内衣厂, 广东 汕头市潮阳区 谷饶镇,https://shop11r05m7511231.1688.com/page/contactinfo.htm,电话：,86 0754 13434308833,移动电话：,13434308833,传真：,86,地址：,中国 广东 汕头市潮阳区 华隆发附近,邮编：,515136,旺铺主页：,https://shop11r05m7511231.1688.com
汕头市潮阳区谷饶奥美芬针织内衣厂, 广东 汕头市潮阳区 谷饶,https://aomeifen.1688.com/page/contactinfo.htm,电话：,86 0754 87620813,移动电话：,15113903889,传真：,86 0754 87620921,地址：,中国 广东 汕头市 谷饶,邮编：,515159,旺铺主页：,https://aomeifen.1688.com
苍南县内尔内衣加工厂, 浙江 苍南县 灵溪镇浦亭社区和平村百亩w7号,https://shop1409676263726.1688.com/page/contactinfo.htm,电话：,86 0577 13958756708,传真：,86,地址：,中国 浙江 苍南县 灵溪镇二中三巷37号,邮编：,325800,旺铺主页：,https://shop1409676263726.1688.com
商丘聪适内衣有限公司, 河南 商丘市 长江路中州路北200米路东,https://shop0d530684i2349.1688.com/page/contactinfo.htm,传真：,86,地址：,中国 河南 商丘市 长江路中州路北200米路东,邮编：,476000,公司主页：,https://shop0d530684i2349.1688.com
深圳市龙岗区坂田雅之媚内衣厂, 广东 江门市蓬江区 荷塘镇六坊工业区,https://yazhimeineiyi.1688.com/page/contactinfo.htm,电话：,86 0750 3702368,移动电话：,13431706668,传真：,86,地址：,中国 广东 江门市蓬江区 荷塘镇六坊红绿灯旁,邮编：,529095,旺铺主页：,https://yazhimeineiyi.1688.com
汕头市潮阳区贵屿悠乐芙针织内衣厂, 广东 汕头市潮阳区 贵屿镇石夹村永兴路9号,https://shop0120i7w111035.1688.com/page/contactinfo.htm,电话：,86 0754 84445484,移动电话：,15913954113,地址：,中国 广东 汕头市潮阳区 贵屿镇石夹村永兴路9号,旺铺主页：,https://shop0120i7w111035.1688.com
宁波市海曙高桥杨挺内衣商行, 浙江 鄞州区 高桥镇长乐村长乐路208号,https://yangtingcc.1688.com/page/contactinfo.htm,电话：,86 0574 00000002,移动电话：,13777147333,传真：,86,地址：,中国 浙江 宁波市 高桥镇,旺铺主页：,https://yangtingcc.1688.com
无锡市派迩鸟服饰有限公司, 江苏 江阴市 顾山镇红豆路35号,https://shop4lb3357596v40.1688.com/page/contactinfo.htm,电话：,86 0510 86328338,移动电话：,13915215117,地址：,中国 江苏 江阴市 顾山镇红豆路35号,公司主页：,https://shop4lb3357596v40.1688.com
佛山市南海盐步古姿内衣厂, 广东 佛山市南海区 盐步新市场西门路6-16号二楼厂房,https://shop1395248150313.1688.com/page/contactinfo.htm,移动电话：,17722725990,传真：,86,地址：,中国 广东 佛山市南海区 盐步市场西路十六号,邮编：,528247,旺铺主页：,https://shop1395248150313.1688.com
义乌市美动力内衣有限公司, 浙江 义乌市 国际商贸城四区84号门4楼19街48710,https://meidonglineiyi.1688.com/page/contactinfo.htm,电话：,86 0579 85413051,移动电话：,18969356651,传真：,86 0579 81548710,地址：,中国 浙江 义乌市 义乌福田3期4楼48710,邮编：,322000,企业官网：,http://www.meidongli.com.cn,公司主页：,https://meidonglineiyi.1688.com
汕头市潮阳区谷饶玉柔丽针织内衣厂, 广东 汕头市潮阳区 谷饶镇东明村,https://shop213n1nl7m4497.1688.com?tracelog=p4p/page/contactinfo.htm
温州贴心暖心服饰有限公司, 浙江 温州市 苍南县宜山东河路129号,https://shop1459443977551.1688.com?tracelog=p4p/page/contactinfo.htm
广州管爱内衣有限公司, 广东 广州市越秀区 广园西路121号美博城B座4-13A,https://guangai2014.1688.com?tracelog=p4p/page/contactinfo.htm
深圳市卡芝兰黛内衣有限公司, 广东 汕头市潮南区 陈围工业区,https://shop1492102705496.1688.com/page/contactinfo.htm,电话：,86 0754 84422975,移动电话：,15816626628,传真：,86,地址：,中国 广东 汕头市潮南区 陈围工业区,邮编：,515152,公司主页：,https://shop1492102705496.1688.com
东莞市三胜内衣有限公司, 广东 东莞市 虎门镇运河北路港贸中心309,https://sanshengny.1688.com/page/contactinfo.htm,电话：,86 0769 85228858,移动电话：,13416751635,传真：,86 0769 85129183,地址：,中国 广东 东莞市 虎门镇威远南北大道瑞信产业园5栋5楼,邮编：,523900,公司主页：,https://sanshengny.1688.com
深圳市坪山区琪轩贝贝内衣厂, 广东 广州市荔湾区 巨邦工业园区1栋3楼,https://qixuanbaby.1688.com/page/contactinfo.htm,电话：,86 0752 5553108,移动电话：,13265698380,传真：,86,地址：,中国 广东 深圳市龙岗区 坪山巨邦工业园区1栋3楼,旺铺主页：,https://qixuanbaby.1688.com
深圳市龙岗区黛慕诗内衣厂, 广东 越秀区 泰康路111号泰富中心1603房,https://daimushi.1688.com/page/contactinfo.htm,传真：,86,地址：,中国 广东 深圳市龙岗区 黛慕诗内衣厂,旺铺主页：,https://daimushi.1688.com
汕头市潮南区陈店紫梦诗内衣商行, 广东 汕头市 潮南区陈店镇,https://zimengshibra.1688.com/page/contactinfo.htm,电话：,86 0754 89978167,移动电话：,13790846608,传真：,86,地址：,中国 广东 汕头市 潮南区陈店镇,邮编：,515152,旺铺主页：,https://zimengshibra.1688.com
深圳市宝安区松岗忆雅颂内衣厂, 广东 广州市白云区 桂花岗,https://shop1466442490958.1688.com/page/contactinfo.htm,电话：,86 0755 13416157810,传真：,86,地址：,中国 广东 广州市白云区 桂花岗,旺铺主页：,https://shop1466442490958.1688.com
灌云县伊山镇乌托邦内衣加工厂, 江苏 灌云县 振兴北路清和园西工业园内,https://shop1451580478268.1688.com/page/contactinfo.htm,电话：,86 0518 4009903522,移动电话：,13961336135,传真：,86,地址：,中国 江苏 灌云县 振兴北路清和园西工业园内,邮编：,222200,旺铺主页：,https://shop1451580478268.1688.com
济南市天桥区天天内衣商行, 山东 济南市天桥区 标山路之江美博城1楼D区28-29号天天内衣,https://ttnysh.1688.com/page/contactinfo.htm,电话：,86 0531 55815166,移动电话：,15621861002,传真：,86,地址：,中国 山东 济南市天桥区 标山路之江美博城1楼D区28-29号天天内衣,旺铺主页：,https://ttnysh.1688.com
青岛贵妃丹蒂佳服饰有限公司, 山东 青岛市李沧区 青岛李沧区,https://shop1458233208347.1688.com/page/contactinfo.htm,移动电话：,15620123239,传真：,86,地址：,中国 山东 青岛市李沧区 青岛李沧区,公司主页：,https://shop1458233208347.1688.com
汕头市潮南区陈店维慕舒内衣商行, 广东 汕头市潮南区 陈店镇洋内兴洋西一路二街,https://shop1488992294723.1688.com/page/contactinfo.htm,电话：,86 0754 84499246,移动电话：,13642217281,传真：,86,地址：,中国 广东 汕头市潮南区 陈店镇洋内兴洋西一路二街,邮编：,515152,旺铺主页：,https://shop1488992294723.1688.com
义乌市曼紫美服饰厂, 浙江 义乌市 廿三里工业区,https://ywmzm.1688.com/page/contactinfo.htm,移动电话：,15857930983,传真：,86,地址：,中国 浙江 义乌市 福田四区,旺铺主页：,https://ywmzm.1688.com
义乌港秀内衣有限公司, 广东 佛山市南海区 盐步永清路169号,https://xzr668.1688.com/page/contactinfo.htm,电话：,86 0757 85855896,传真：,86 0757 85855896,地址：,中国 广东 佛山市南海区 大沥镇盐步永青路169号,邮编：,528231,公司主页：,https://xzr668.1688.com
佛山市南海区纤莉内衣有限公司, 广东 佛山市南海区 大沥盐步永青路自编亭前16号,https://shop1436893643475.1688.com/page/contactinfo.htm,电话：,86 0757 85855896,传真：,86 0757 85855896,地址：,中国 广东 佛山市南海区 大沥盐步永青路自编亭前16号,公司主页：,https://shop1436893643475.1688.com
浦江县舒彩妮服装厂, 浙江 浦江县 严店上田村23号,https://shop1419266664228.1688.com/page/contactinfo.htm,电话：,86 0579 81568585,移动电话：,18066208585,传真：,86 0579 81568585,地址：,中国 浙江 义乌市 后宅工业园区,邮编：,322000,旺铺主页：,https://shop1419266664228.1688.com
南宁市雨润服饰有限公司, 广东 汕头市潮南区 陈店镇,https://yurunfushi.1688.com/page/contactinfo.htm,电话：,86 0771 18778992068,移动电话：,18778992068,传真：,86,地址：,中国 广东 汕头市潮南区 陈店镇,公司主页：,https://yurunfushi.1688.com
义乌市哆迷妮内衣商行, 浙江 义乌市 国际商贸城三期四区80号5楼20街51420-51421,https://ymrfs8.1688.com/page/contactinfo.htm,电话：,86 0579 81548863,移动电话：,13750955960,传真：,86 0579 85413367,地址：,中国 浙江 义乌市 国际商贸城四区五楼80号门20街51421-51420-51413店面,邮编：,322000,旺铺主页：,https://ymrfs8.1688.com
深圳市坪山区娜秀美内衣商行, 广东 汕头市潮南区 陈店镇,https://lashowme8899.1688.com/page/contactinfo.htm,传真：,86,地址：,中国 广东 汕头市潮南区 陈店镇,旺铺主页：,https://lashowme8899.1688.com
东莞兆盛服饰有限公司, 广东 东莞市 虎门镇 龙眼十路 虎门时尚产业园B栋2楼,https://gber88.1688.com/page/contactinfo.htm,移动电话：,15322812615,传真：,86,地址：,中国 广东 东莞市 虎门镇龙眼工业区十路时尚产业园5栋歌贝儿,邮编：,523920,公司主页：,https://gber88.1688.com
商丘市睢阳区昊朋内衣厂, 河南 商丘市睢阳区 小宋庄,https://haopeng.1688.com/page/contactinfo.htm,移动电话：,15537042179,传真：,86,地址：,中国 河南 商丘市睢阳区 昊朋内衣厂,旺铺主页：,https://haopeng.1688.com
汕头市潮阳区铜盂绯兰蜜内衣厂, 广东 汕头市潮阳区 谷饶镇,https://shop11r05m7511231.1688.com/page/contactinfo.htm,电话：,86 0754 13434308833,移动电话：,13434308833,传真：,86,地址：,中国 广东 汕头市潮阳区 华隆发附近,邮编：,515136,旺铺主页：,https://shop11r05m7511231.1688.com
汕头市潮阳区谷饶奥美芬针织内衣厂, 广东 汕头市潮阳区 谷饶,https://aomeifen.1688.com/page/contactinfo.htm,电话：,86 0754 87620813,移动电话：,15113903889,传真：,86 0754 87620921,地址：,中国 广东 汕头市 谷饶,邮编：,515159,旺铺主页：,https://aomeifen.1688.com
苍南县内尔内衣加工厂, 浙江 苍南县 灵溪镇浦亭社区和平村百亩w7号,https://shop1409676263726.1688.com/page/contactinfo.htm,电话：,86 0577 13958756708,传真：,86,地址：,中国 浙江 苍南县 灵溪镇二中三巷37号,邮编：,325800,旺铺主页：,https://shop1409676263726.1688.com
商丘聪适内衣有限公司, 河南 商丘市 长江路中州路北200米路东,https://shop0d530684i2349.1688.com/page/contactinfo.htm,传真：,86,地址：,中国 河南 商丘市 长江路中州路北200米路东,邮编：,476000,公司主页：,https://shop0d530684i2349.1688.com
深圳市龙岗区坂田雅之媚内衣厂, 广东 江门市蓬江区 荷塘镇六坊工业区,https://yazhimeineiyi.1688.com/page/contactinfo.htm,电话：,86 0750 3702368,移动电话：,13431706668,传真：,86,地址：,中国 广东 江门市蓬江区 荷塘镇六坊红绿灯旁,邮编：,529095,旺铺主页：,https://yazhimeineiyi.1688.com
汕头市潮阳区贵屿悠乐芙针织内衣厂, 广东 汕头市潮阳区 贵屿镇石夹村永兴路9号,https://shop0120i7w111035.1688.com/page/contactinfo.htm,电话：,86 0754 84445484,移动电话：,15913954113,地址：,中国 广东 汕头市潮阳区 贵屿镇石夹村永兴路9号,旺铺主页：,https://shop0120i7w111035.1688.com
宁波市海曙高桥杨挺内衣商行, 浙江 鄞州区 高桥镇长乐村长乐路208号,https://yangtingcc.1688.com/page/contactinfo.htm,电话：,86 0574 00000002,移动电话：,13777147333,传真：,86,地址：,中国 浙江 宁波市 高桥镇,旺铺主页：,https://yangtingcc.1688.com
